# s_m, x_m, y_m, psi_rad, kappa_radpm, vx_mps, ax_mps2
0.0000000, -0.3134929, 0.7076762, -1.1404156, -0.0055632, 22.9782664, 3.3199973
0.9999284, 0.5964590, 1.1224598, -1.1457009, -0.0050069, 23.1222889, 3.2950991
1.9998569, 1.5083872, 1.5326421, -1.1504293, -0.0044506, 23.2643498, 3.2703876
2.9997853, 2.4220326, 1.9387181, -1.1546011, -0.0038944, 23.4044927, 3.2458615
3.9997137, 3.3374582, 2.3413276, -1.1582070, -0.0033169, 23.5427598, 3.2215192
4.9996422, 4.2541036, 2.7408504, -1.1612347, -0.0027389, 23.6791916, 3.1973596
5.9995706, 5.1717278, 3.1378129, -1.1636841, -0.0021607, 23.8138274, 3.1733811
6.9994991, 6.0904068, 3.5328761, -1.1655601, -0.0015913, 23.9467051, 3.1495824
7.9994275, 7.0096199, 3.9264371, -1.1668665, -0.0010215, 24.0778612, 3.1259623
8.9993559, 7.9291599, 4.3190271, -1.1676028, -0.0004514, 24.2073310, 3.1025192
9.9992844, 8.8490140, 4.7111892, -1.1679666, -0.0002778, 24.3351488, 3.0792520
10.9992128, 9.7689405, 5.1030803, -1.1681585, -0.0001060, 24.4613477, 3.0561593
11.9991412, 10.6888903, 5.4948660, -1.1681785, 0.0000659, 24.5859597, 3.0332397
12.9990697, 11.6088485, 5.8866982, -1.1681064, 0.0000777, 24.7090157, 3.0104920
13.9989981, 12.5287768, 6.2786021, -1.1680231, 0.0000888, 24.8305459, 2.9879150
14.9989266, 13.4486709, 6.6705880, -1.1679288, 0.0000999, 24.9505794, 2.9655072
15.9988550, 14.3685257, 7.0626630, -1.1678307, 0.0000962, 25.0691445, 2.9432675
16.9987834, 15.2883433, 7.4548268, -1.1677363, 0.0000925, 25.1862684, 2.9211946
17.9987119, 16.2081252, 7.8470759, -1.1676458, 0.0000887, 25.3019780, 2.8992872
18.9986403, 17.1278711, 8.2394060, -1.1675590, 0.0000849, 25.4162989, 2.8775441
19.9985687, 18.0475844, 8.6318145, -1.1674760, 0.0000811, 25.5292562, 2.8559640
20.9984972, 18.9672664, 9.0242979, -1.1673967, 0.0000774, 25.6408745, 2.8345458
21.9984256, 19.8869168, 9.4168518, -1.1673212, 0.0000736, 25.7511773, 2.8132883
22.9983541, 20.8065390, 9.8094738, -1.1672495, 0.0000698, 25.8601876, 2.7921901
23.9982825, 21.7261344, 10.2021602, -1.1671816, 0.0000660, 25.9679280, 2.7712502
24.9982109, 22.6457025, 10.5949067, -1.1671174, 0.0000623, 26.0744202, 2.7504673
25.9981394, 23.5652468, 10.9877108, -1.1670571, 0.0000585, 26.1796854, 2.7298403
26.9980678, 24.4847689, 11.3805690, -1.1670004, 0.0000547, 26.2837444, 2.7093679
27.9979962, 25.4042680, 11.7734770, -1.1669476, 0.0000510, 26.3866172, 2.6890491
28.9979247, 26.3237479, 12.1664320, -1.1668985, 0.0000472, 26.4883235, 2.6688827
29.9978531, 27.2432099, 12.5594308, -1.1668532, 0.0000434, 26.5888823, 2.6488675
30.9977816, 28.1626534, 12.9524689, -1.1668117, 0.0000396, 26.6883124, 2.6290024
31.9977100, 29.0820820, 13.3455437, -1.1667739, 0.0000359, 26.7866319, 2.6092863
32.9976384, 30.0014974, 13.7386519, -1.1667400, 0.0000321, 26.8838585, 2.5897181
33.9975669, 30.9208985, 14.1317889, -1.1667097, 0.0000283, 26.9800095, 2.5702966
34.9974953, 31.8402893, 14.5249523, -1.1666833, 0.0000246, 27.0751018, 2.5510207
35.9974237, 32.7596712, 14.9181386, -1.1666606, 0.0000208, 27.1691519, 2.5318894
36.9973522, 33.6790434, 15.3113433, -1.1666417, 0.0000170, 27.2621758, 2.5129016
37.9972806, 34.5984096, 15.7045640, -1.1666266, 0.0000132, 27.3541893, 2.4940562
38.9972091, 35.5177715, 16.0977972, -1.1666153, 0.0000095, 27.4452078, 2.4753521
39.9971375, 36.4371281, 16.4910384, -1.1666077, 0.0000057, 27.5352461, 2.4567883
40.9970659, 37.3564832, 16.8842852, -1.1666039, 0.0000019, 27.6243191, 2.4383637
41.9969944, 38.2758384, 17.2775342, -1.1666038, -0.0000018, 27.7124410, 2.4200773
42.9969228, 39.1951926, 17.6707807, -1.1666076, -0.0000056, 27.7996257, 2.4019280
43.9968512, 40.1145499, 18.0640224, -1.1666151, -0.0000094, 27.8858872, 2.3839149
44.9967797, 41.0339117, 18.4572559, -1.1666263, -0.0000132, 27.9712387, 2.3660368
45.9967081, 41.9532770, 18.8504765, -1.1666414, -0.0000169, 28.0556933, 2.3482928
46.9966365, 42.8726498, 19.2436819, -1.1666602, -0.0000207, 28.1392640, 2.3306818
47.9965650, 43.7920316, 19.6368687, -1.1666828, -0.0000245, 28.2219632, 2.3132030
48.9964934, 44.7114213, 20.0300322, -1.1667092, -0.0000283, 28.3038033, 2.2958552
49.9964219, 45.6308230, 20.4231701, -1.1667393, -0.0000320, 28.3847963, 2.2786375
50.9963503, 46.5502382, 20.8162790, -1.1667732, -0.0000358, 28.4649541, 2.2615490
51.9962787, 47.4696656, 21.2093542, -1.1668109, -0.0000396, 28.5442882, 2.2445885
52.9962072, 48.3891095, 21.6023933, -1.1668523, -0.0000433, 28.6228098, 2.2277553
53.9961356, 49.3085714, 21.9953931, -1.1668975, -0.0000471, 28.7005302, 2.2110484
54.9960640, 50.2280499, 22.3883487, -1.1669465, -0.0000509, 28.7774602, 2.1944667
55.9959925, 51.1475493, 22.7812580, -1.1669993, -0.0000547, 28.8536104, 2.1780094
56.9959209, 52.0670711, 23.1741173, -1.1670558, -0.0000584, 28.9289914, 2.1616755
57.9958494, 52.9866141, 23.5669222, -1.1671162, -0.0000622, 29.0036133, 2.1454641
58.9957778, 53.9061824, 23.9596703, -1.1671802, -0.0000660, 29.0774862, 2.1293742
59.9957062, 54.8257775, 24.3523581, -1.1672481, -0.0000697, 29.1506200, 2.1134051
60.9956347, 55.7453981, 24.7449810, -1.1673197, -0.0000735, 29.2230244, 2.0975557
61.9955631, 56.6650486, 25.1375367, -1.1673951, -0.0000773, 29.2947088, 2.0818251
62.9954915, 57.5847302, 25.5300217, -1.1674743, -0.0000811, 29.3656827, 2.0662126
63.9954200, 58.5044419, 25.9224313, -1.1675572, -0.0000848, 29.4359550, 2.0507171
64.9953484, 59.4241878, 26.3147634, -1.1676439, -0.0000886, 29.5055349, 2.0353378
65.9952769, 60.3439693, 26.7070143, -1.1677344, -0.0000924, 29.5744311, 2.0200739
66.9952053, 61.2637852, 27.0991795, -1.1678287, -0.0000961, 29.6426522, 2.0049244
67.9951337, 62.1836398, 27.4912567, -1.1679267, -0.0000999, 29.7102069, 1.9898885
68.9950622, 63.1035344, 27.8832423, -1.1680285, -0.0001037, 29.7771034, 1.9749654
69.9949906, 64.0234679, 28.2751318, -1.1681341, -0.0001075, 29.8433499, 1.9601542
70.9949190, 64.9434443, 28.6669228, -1.1682434, -0.0001112, 29.9089545, 1.9454541
71.9948475, 65.8634652, 29.0586119, -1.1683565, -0.0001150, 29.9739252, 1.9308643
72.9947759, 66.7835294, 29.4501943, -1.1684734, -0.0001188, 30.0382697, 1.9163838
73.9947044, 67.7036410, 29.8416679, -1.1685941, -0.0001226, 30.1019956, 1.9020120
74.9946328, 68.6238014, 30.2330291, -1.1687185, -0.0001263, 30.1651105, 1.8877479
75.9945612, 69.5440095, 30.6242734, -1.1688467, -0.0001301, 30.2276217, 1.8735908
76.9944897, 70.4642694, 31.0153983, -1.1689787, -0.0001339, 30.2895366, 1.8595399
77.9944181, 71.3845824, 31.4064003, -1.1691144, -0.0001376, 30.3508623, 1.8455943
78.9943465, 72.3049476, 31.7972750, -1.1692540, -0.0001414, 30.4116058, 1.8317534
79.9942750, 73.2253689, 32.1880198, -1.1693972, -0.0001452, 30.4717740, 1.8180162
80.9942034, 74.1458477, 32.5786315, -1.1695443, -0.0001490, 30.5313737, 1.8043821
81.9941319, 75.0663830, 32.9691052, -1.1696951, -0.0001527, 30.5904117, 1.7908502
82.9940603, 75.9869788, 33.3594388, -1.1698497, -0.0001565, 30.6488945, 1.7774198
83.9939887, 76.9076365, 33.7496286, -1.1700081, -0.0001603, 30.7068285, 1.7640901
84.9939172, 77.8283551, 34.1396702, -1.1701703, -0.0001640, 30.7642202, 1.7508603
85.9938456, 78.7491384, 34.5295611, -1.1703362, -0.0001678, 30.8210758, 1.7377298
86.9937740, 79.6699880, 34.9192978, -1.1705059, -0.0001716, 30.8774015, 1.7246978
87.9937025, 80.5909028, 35.3088758, -1.1706794, -0.0001754, 30.9332034, 1.7117635
88.9936309, 81.5118867, 35.6982927, -1.1708566, -0.0001791, 30.9884875, 1.6989262
89.9935594, 82.4329412, 36.0875449, -1.1710376, -0.0001829, 31.0432596, 1.6861851
90.9934878, 83.3540652, 36.4766280, -1.1712224, -0.0001867, 31.0975255, 1.6735396
91.9934162, 84.2752627, 36.8655394, -1.1714110, -0.0001905, 31.1512911, 1.6609890
92.9933447, 85.1965350, 37.2542758, -1.1716033, -0.0001942, 31.2045618, 1.6485325
93.9932731, 86.1178812, 37.6428326, -1.1717994, -0.0001980, 31.2573432, 1.6361694
94.9932015, 87.0393051, 38.0312072, -1.1719993, -0.0002018, 31.3096408, 1.6238990
95.9931300, 87.9608081, 38.4193963, -1.1722029, -0.0002055, 31.3614600, 1.6117206
96.9930584, 88.8823893, 38.8073953, -1.1724103, -0.0002093, 31.4128061, 1.5996336
97.9929868, 89.8040525, 39.1952018, -1.1726215, -0.0002131, 31.4636842, 1.5876372
98.9929153, 90.7257991, 39.5828122, -1.1728365, -0.0002169, 31.5140995, 1.5757307
99.9928437, 91.6476282, 39.9702220, -1.1730552, -0.0002206, 31.5640572, 1.5639136
100.9927722, 92.5695434, 40.3574288, -1.1732777, -0.0002244, 31.6135621, 1.5521851
101.9927006, 93.4915464, 40.7444290, -1.1735040, -0.0002282, 31.6626192, 1.5405445
102.9926290, 94.4136360, 41.1312182, -1.1737341, -0.0002320, 31.7112334, 1.5289913
103.9925575, 95.3358161, 41.5177939, -1.1739679, -0.0002357, 31.7594095, 1.5175247
104.9924859, 96.2580881, 41.9041525, -1.1742055, -0.0002395, 31.8071521, 1.5061440
105.9924143, 97.1804510, 42.2902895, -1.1744468, -0.0002433, 31.8544658, 1.4948488
106.9923428, 98.1029086, 42.6762025, -1.1746920, -0.0002470, 31.9013554, 1.4836382
107.9922712, 99.0254623, 43.0618880, -1.1749409, -0.0002508, 31.9478253, 1.4725117
108.9921997, 99.9481112, 43.4473414, -1.1751936, -0.0002546, 31.9938800, 1.4614687
109.9921281, 100.8708589, 43.8325602, -1.1754500, -0.0002584, 32.0395238, 1.4505084
110.9920565, 101.7937068, 44.2175410, -1.1757103, -0.0002621, 32.0847611, 1.4396304
111.9919850, 102.7166541, 44.6022792, -1.1759743, -0.0002659, 32.1295961, 1.4288339
112.9919134, 103.6397045, 44.9867723, -1.1762421, -0.0002697, 32.1740332, 1.4181185
113.9918418, 104.5628592, 45.3710168, -1.1765136, -0.0002735, 32.2180764, 1.4074833
114.9917703, 105.4861175, 45.7550082, -1.1767889, -0.0002772, 32.2617298, 1.3969280
115.9916987, 106.4094829, 46.1387440, -1.1770680, -0.0002810, 32.3049975, 1.3864518
116.9916272, 107.3329569, 46.5222206, -1.1773509, -0.0002848, 32.3478836, 1.3760541
117.9915556, 108.2565385, 46.9054337, -1.1776375, -0.0002886, 32.3903918, 1.3657344
118.9914840, 109.1802314, 47.2883805, -1.1779280, -0.0002923, 32.4325262, 1.3554922
119.9914125, 110.1040370, 47.6710577, -1.1782222, -0.0002961, 32.4742905, 1.3453267
120.9913409, 111.0279543, 48.0534607, -1.1785201, -0.0002999, 32.5156886, 1.3352375
121.9912693, 111.9519870, 48.4355869, -1.1788219, -0.0003036, 32.5567242, 1.3252239
122.9911978, 112.8761364, 48.8174329, -1.1791274, -0.0003074, 32.5974009, 1.3152854
123.9911262, 113.8004017, 49.1989942, -1.1794366, -0.0003112, 32.6377225, 1.3054215
124.9910547, 114.7247864, 49.5802681, -1.1797497, -0.0003150, 32.6776925, 1.2956315
125.9909831, 115.6492918, 49.9612512, -1.1800665, -0.0003187, 32.7173145, 1.2859150
126.9909115, 116.5739172, 50.3419390, -1.1803871, -0.0003225, 32.7565919, 1.2762713
127.9908400, 117.4986660, 50.7223290, -1.1807115, -0.0003263, 32.7955282, 1.2667000
128.9907684, 118.4235396, 51.1024175, -1.1810397, -0.0003301, 32.8341269, 1.2572004
129.9906968, 119.3485372, 51.4822001, -1.1813716, -0.0003338, 32.8723913, 1.2477721
130.9906253, 120.2736621, 51.8616743, -1.1817073, -0.0003376, 32.9103248, 1.2384145
131.9905537, 121.1989158, 52.2408364, -1.1820467, -0.0003414, 32.9479306, 1.2291270
132.9904822, 122.1242976, 52.6196820, -1.1823900, -0.0003452, 32.9852119, 1.2199092
133.9904106, 123.0498107, 52.9982086, -1.1827370, -0.0003489, 33.0221721, 1.2107606
134.9903390, 123.9754565, 53.3764125, -1.1830878, -0.0003527, 33.0588142, 1.2016805
135.9902675, 124.9012343, 53.7542893, -1.1834424, -0.0003565, 33.0951414, 1.1926686
136.9901959, 125.8271474, 54.1318365, -1.1838007, -0.0003603, 33.1311568, 1.1837242
137.9901243, 126.7531971, 54.5090503, -1.1841628, -0.0003640, 33.1668635, 1.1748469
138.9900528, 127.6793827, 54.8859265, -1.1845287, -0.0003678, 33.2022643, 1.1660362
139.9899812, 128.6057075, 55.2624622, -1.1848984, -0.0003716, 33.2373625, 1.1572915
140.9899096, 129.5321728, 55.6386541, -1.1852718, -0.0003754, 33.2721607, 1.1486124
141.9898381, 130.4587780, 56.0144977, -1.1856490, -0.0003791, 33.3066621, 1.1399985
142.9897665, 131.3855262, 56.3899902, -1.1860300, -0.0003829, 33.3408694, 1.1314491
143.9896950, 132.3124187, 56.7651282, -1.1864148, -0.0003867, 33.3747856, 1.1229638
144.9896234, 133.2394549, 57.1399072, -1.1868033, -0.0003904, 33.4084133, 1.1145422
145.9895518, 134.1666380, 57.5143245, -1.1871956, -0.0003942, 33.4417554, 1.1061837
146.9894803, 135.0939693, 57.8883765, -1.1875917, -0.0003980, 33.4748146, 1.0978880
147.9894087, 136.0214481, 58.2620590, -1.1879915, -0.0004018, 33.5075936, 1.0896544
148.9893371, 136.9490776, 58.6353691, -1.1883952, -0.0004055, 33.5400952, 1.0814826
149.9892656, 137.8768590, 59.0083032, -1.1888026, -0.0004093, 33.5723218, 1.0733720
150.9891940, 138.8047918, 59.3808570, -1.1892138, -0.0004131, 33.6042763, 1.0653223
151.9891225, 139.7328789, 59.7530278, -1.1896287, -0.0004169, 33.6359611, 1.0573330
152.9890509, 140.6611218, 60.1248119, -1.1900475, -0.0004207, 33.6673787, 1.0494035
153.9889793, 141.5895197, 60.4962050, -1.1904700, -0.0004244, 33.6985318, 1.0415336
154.9889078, 142.5180757, 60.8672044, -1.1908962, -0.0004282, 33.7294229, 1.0337226
155.9888362, 143.4467912, 61.2378064, -1.1913263, -0.0004320, 33.7600543, 1.0259703
156.9887646, 144.3756653, 61.6080067, -1.1917601, -0.0004358, 33.7904285, 1.0182760
157.9886931, 145.3047014, 61.9778024, -1.1921978, -0.0004395, 33.8205479, 1.0106395
158.9886215, 146.2339005, 62.3471901, -1.1926391, -0.0004433, 33.8504150, 1.0030603
159.9885500, 147.1632620, 62.7161654, -1.1930843, -0.0004471, 33.8800321, 0.9955378
160.9884784, 148.0927889, 63.0847254, -1.1935332, -0.0004509, 33.9094015, 0.9880718
161.9884068, 149.0224826, 63.4528665, -1.1939860, -0.0004546, 33.9385255, 0.9806618
162.9883353, 149.9523422, 63.8205845, -1.1944424, -0.0004584, 33.9674063, 0.9733074
163.9882637, 150.8823710, 64.1878764, -1.1949027, -0.0004622, 33.9960464, 0.9660081
164.9881921, 151.8125701, 64.5547388, -1.1953668, -0.0004660, 34.0244478, 0.9587636
165.9881206, 152.7429386, 64.9211672, -1.1958346, -0.0004697, 34.0526128, 0.9515734
166.9880490, 153.6734799, 65.2871588, -1.1963062, -0.0004735, 34.0805435, 0.9444371
167.9879775, 154.6041950, 65.6527100, -1.1967816, -0.0004773, 34.1082422, 0.9373543
168.9879059, 155.5350831, 66.0178164, -1.1972607, -0.0004811, 34.1357109, 0.9303246
169.9878343, 156.4661474, 66.3824753, -1.1977436, -0.0004849, 34.1629518, 0.9233477
170.9877628, 157.3973891, 66.7466831, -1.1982303, -0.0004886, 34.1899669, 0.9164231
171.9876912, 158.3288072, 67.1104352, -1.1987208, -0.0004924, 34.2167584, 0.9095504
172.9876196, 159.2604050, 67.4737290, -1.1992151, -0.0004962, 34.2433282, 0.9027293
173.9875481, 160.1921837, 67.8365608, -1.1997131, -0.0005000, 34.2696784, 0.8959593
174.9874765, 161.1241422, 68.1989261, -1.2002150, -0.0005038, 34.2958109, 0.8892401
175.9874050, 162.0562838, 68.5608222, -1.2007207, -0.0005077, 34.3217278, 0.8825713
176.9873334, 162.9886099, 68.9222453, -1.2012303, -0.0005116, 34.3474310, 0.8759524
177.9872618, 163.9211192, 69.2831907, -1.2017440, -0.0005158, 34.3729224, 0.8693833
178.9871903, 164.8538153, 69.6436555, -1.2022619, -0.0005201, 34.3982040, 0.8628634
179.9871187, 165.7866995, 70.0036354, -1.2027841, -0.0005243, 34.4232776, 0.8563924
180.9870471, 166.7197707, 70.3631256, -1.2033105, -0.0005287, 34.4481451, 0.8499699
181.9869756, 167.6530327, 70.7221228, -1.2038413, -0.0005330, 34.4728084, 0.8435956
182.9869040, 168.5864866, 71.0806228, -1.2043765, -0.0005374, 34.4972693, 0.8372690
183.9868325, 169.5201315, 71.4386204, -1.2049165, -0.0005427, 34.5215296, 0.8309900
184.9867609, 170.4539714, 71.7961116, -1.2054619, -0.0005481, 34.5455912, 0.8247580
185.9866893, 171.3880079, 72.1530913, -1.2060126, -0.0005535, 34.5694557, 0.8185727
186.9866178, 172.3222403, 72.5095527, -1.2065706, -0.0005626, 34.5931250, 0.8124339
187.9865462, 173.2566739, 72.8654889, -1.2071378, -0.0005718, 34.6166007, 0.8063411
188.9864746, 174.1913119, 73.2208911, -1.2077141, -0.0005809, 34.6398847, 0.8002939
189.9864031, 175.1261541, 73.5757496, -1.2082994, -0.0005899, 34.6629786, 0.7942922
190.9863315, 176.0612065, 73.9300570, -1.2088938, -0.0005990, 34.6858841, 0.7883354
191.9862599, 176.9964722, 74.2838047, -1.2094973, -0.0006080, 34.7086029, 0.7824233
192.9861884, 177.9319502, 74.6369831, -1.2101092, -0.0006161, 34.7311366, 0.7765556
193.9861168, 178.8676469, 74.9895855, -1.2107293, -0.0006241, 34.7534869, 0.7707318
194.9860453, 179.8035648, 75.3416045, -1.2113574, -0.0006322, 34.7756553, 0.7649517
195.9859737, 180.7397021, 75.6930309, -1.2119929, -0.0006388, 34.7976436, 0.7592150
196.9859021, 181.6760652, 76.0438599, -1.2126349, -0.0006454, 34.8194532, 0.7535213
197.9858306, 182.6126561, 76.3940850, -1.2132836, -0.0006520, 34.8410857, 0.7478703
198.9857590, 183.5494720, 76.7436980, -1.2139395, -0.0006597, 34.8625428, 0.7422617
199.9856874, 184.4865199, 77.0926936, -1.2146030, -0.0006675, 34.8838258, 0.7366951
200.9856159, 185.4238023, 77.4410643, -1.2152743, -0.0006752, 34.9049365, 0.7311703
201.9855443, 186.3613161, 77.7888004, -1.2159545, -0.0006855, 34.9258762, 0.7256869
202.9854728, 187.2990700, 78.1358946, -1.2166451, -0.0006958, 34.9466464, 0.7202446
203.9854012, 188.2370673, 78.4823370, -1.2173460, -0.0007061, 34.9672487, 0.7148432
204.9853296, 189.1753047, 78.8281153, -1.2180576, -0.0007172, 34.9876845, 0.7094823
205.9852581, 190.1137921, 79.1732216, -1.2187803, -0.0007282, 35.0079552, 0.7041615
206.9851865, 191.0525327, 79.5176452, -1.2195140, -0.0007393, 35.0280623, 0.6988807
207.9851149, 191.9915233, 79.8613731, -1.2202587, -0.0007503, 35.0480072, 0.6936395
208.9850434, 192.9307736, 80.2043973, -1.2210145, -0.0007614, 35.0677914, 0.6884375
209.9849718, 193.8702871, 80.5467071, -1.2217813, -0.0007724, 35.0874161, 0.6832746
210.9849003, 194.8100602, 80.8882894, -1.2225595, -0.0007840, 35.1068828, 0.6781504
211.9848287, 195.7501030, 81.2291357, -1.2233492, -0.0007956, 35.1261928, 0.6730647
212.9847571, 196.6904191, 81.5692349, -1.2241505, -0.0008071, 35.1453476, 0.6680170
213.9846856, 197.6310046, 81.9085731, -1.2249644, -0.0008208, 35.1643483, 0.6630073
214.9846140, 198.5718708, 82.2471402, -1.2257919, -0.0008344, 35.1831965, 0.6580351
215.9845424, 199.5130216, 82.5849230, -1.2266331, -0.0008481, 35.2018933, 0.6531002
216.9844709, 200.4544535, 82.9219057, -1.2274881, -0.0008622, 35.2204400, 0.6482023
217.9843993, 201.3961781, 83.2580775, -1.2283574, -0.0008764, 35.2388381, 0.6433411
218.9843278, 202.3381996, 83.5934249, -1.2292408, -0.0008906, 35.2570886, 0.6385164
219.9842562, 203.2805142, 83.9279314, -1.2301384, -0.0009047, 35.2751930, 0.6337278
220.9841846, 204.2231335, 84.2615862, -1.2310501, -0.0009189, 35.2931524, 0.6289752
221.9841131, 205.1660617, 84.5943757, -1.2319760, -0.0009331, 35.3109681, 0.6242583
222.9840415, 206.1092946, 84.9262833, -1.2329165, -0.0009480, 35.3286413, 0.6195767
223.9839699, 207.0528444, 85.2572975, -1.2338720, -0.0009630, 35.3461732, 0.6149302
224.9838984, 207.9967154, 85.5874040, -1.2348424, -0.0009780, 35.3635650, 0.6103185
225.9838268, 208.9409031, 85.9165847, -1.2358294, -0.0009961, 35.3808180, 0.6057415
226.9837553, 209.8854212, 86.2448259, -1.2368345, -0.0010143, 35.3979332, 0.6011987
227.9836837, 210.8302748, 86.5721101, -1.2378578, -0.0010324, 35.4149119, 0.5966900
228.9836121, 211.7754596, 86.8984164, -1.2388996, -0.0010514, 35.4317553, 0.5922152
229.9835406, 212.7209900, 87.2237299, -1.2399604, -0.0010703, 35.4484644, 0.5877739
230.9834690, 213.6668714, 87.5480324, -1.2410401, -0.0010893, 35.4650404, 0.5833659
231.9833974, 214.6130989, 87.8713022, -1.2421391, -0.0011089, 35.4814845, 0.5789910
232.9833259, 215.5596875, 88.1935235, -1.2432578, -0.0011286, 35.4977977, 0.5746489
233.9832543, 216.5066426, 88.5146777, -1.2443961, -0.0011482, 35.5139811, 0.5703393
234.9831827, 217.4539590, 88.8347416, -1.2455554, -0.0011705, 35.5300359, 0.5660621
235.9831112, 218.4016529, 89.1536977, -1.2467370, -0.0011929, 35.5459631, 0.5618169
236.9830396, 219.3497301, 89.4715245, -1.2479409, -0.0012152, 35.5617638, 0.5576036
237.9829681, 220.2981856, 89.7881962, -1.2491680, -0.0012391, 35.5774391, 0.5534218
238.9828965, 221.2470364, 90.1036939, -1.2504189, -0.0012630, 35.5929900, 0.5492715
239.9828249, 222.1962888, 90.4179942, -1.2516938, -0.0012869, 35.6084176, 0.5451522
240.9827534, 223.1459372, 90.7310697, -1.2529942, -0.0013140, 35.6237229, 0.5410639
241.9826818, 224.0960000, 91.0428984, -1.2543217, -0.0013412, 35.6389068, 0.5370062
242.9826102, 225.0464844, 91.3534540, -1.2556765, -0.0013684, 35.6539706, 0.5329789
243.9825387, 225.9973840, 91.6627057, -1.2570590, -0.0013968, 35.6689150, 0.5289819
244.9824671, 226.9487192, 91.9706304, -1.2584699, -0.0014252, 35.6837412, 0.5250148
245.9823956, 227.9004974, 92.2772007, -1.2599092, -0.0014536, 35.6984501, 0.5210775
246.9823240, 228.8527095, 92.5823829, -1.2613797, -0.0014876, 35.7130427, 0.5171697
247.9822524, 229.8053803, 92.8861502, -1.2628842, -0.0015216, 35.7275200, 0.5132912
248.9821809, 230.7585186, 93.1884697, -1.2644227, -0.0015557, 35.7418829, 0.5094418
249.9821093, 231.7121130, 93.4893022, -1.2659950, -0.0015893, 35.7561324, 0.5056212
250.9820377, 232.6661910, 93.7886209, -1.2676010, -0.0016229, 35.7702694, 0.5018293
251.9819662, 233.6207604, 94.0863933, -1.2692405, -0.0016565, 35.7842949, 0.4980659
252.9818946, 234.5758081, 94.3825799, -1.2709137, -0.0016901, 35.7982098, 0.4943307
253.9818231, 235.5313616, 94.6771540, -1.2726206, -0.0017238, 35.8120149, 0.4906234
254.9817515, 236.4874283, 94.9700828, -1.2743611, -0.0017575, 35.8257113, 0.4869440
255.9816799, 237.4439949, 95.2613267, -1.2761354, -0.0017912, 35.8392998, 0.4832922
256.9816084, 238.4010881, 95.5508589, -1.2779434, -0.0018250, 35.8527813, 0.4796678
257.9815368, 239.3587151, 95.8386461, -1.2797850, -0.0018587, 35.8661566, 0.4760705
258.9814652, 240.3168609, 96.1246482, -1.2816623, -0.0018961, 35.8794267, -13.3259375
259.9813937, 241.2755546, 96.4088353, -1.2835770, -0.0019336, 35.5061022, -14.1920657
260.9813221, 242.2348043, 96.6911706, -1.2855293, -0.0019712, 35.1041478, -14.0764373
261.9812506, 243.1945914, 96.9716069, -1.2875273, -0.0020256, 34.7008694, -13.9638888
262.9811790, 244.1549539, 97.2501013, -1.2895802, -0.0020803, 34.2961303, -13.8547557
263.9811074, 245.1159047, 97.5266006, -1.2916878, -0.0021351, 33.8897776, -13.7355167
264.9810359, 246.0774213, 97.8010393, -1.2938559, -0.0022019, 33.4820543, -13.6200305
265.9809643, 247.0395518, 98.0733637, -1.2960912, -0.0022689, 33.0727962, -13.5085119
266.9808927, 248.0023107, 98.3435082, -1.2983935, -0.0023359, 32.6618242, -13.3987292
267.9808212, 248.9656717, 98.6113956, -1.3007637, -0.0024051, 32.2490189, -13.2928693
268.9807496, 249.9296874, 98.8769691, -1.3032032, -0.0024742, 31.8341857, -13.1909295
269.9806781, 250.8943717, 99.1401606, -1.3057119, -0.0025434, 31.4171197, -13.0828106
270.9806065, 251.8596917, 99.4008879, -1.3082948, -0.0026231, 30.9979300, -12.9788691
271.9805349, 252.8257080, 99.6590866, -1.3109577, -0.0027030, 30.5763926, -12.8792807
272.9804634, 253.7924375, 99.9146784, -1.3137005, -0.0027829, 30.1522646, -12.7476225
273.9803918, 254.7598357, 100.1675622, -1.3165431, -0.0029040, 29.7265141, -12.6214932
274.9803202, 255.7279854, 100.4176414, -1.3195079, -0.0030260, 29.2988816, -12.5016880
275.9802487, 256.6969123, 100.6647964, -1.3225948, -0.0031480, 28.8690643, -12.3739773
276.9801771, 257.6665621, 100.9088847, -1.3258120, -0.0032875, 28.4372413, -12.2528943
277.9801056, 258.6370352, 101.1497906, -1.3291693, -0.0034275, 28.0030830, -12.1387175
278.9800340, 259.6083575, 101.3873762, -1.3326666, -0.0035675, 27.5662286, -12.0136239
279.9799624, 260.5804626, 101.6214773, -1.3363154, -0.0037315, 27.1269503, -11.8959009
280.9798909, 261.5534640, 101.8519568, -1.3401290, -0.0038962, 26.6848521, -11.7859565
281.9798193, 262.5273900, 102.0786517, -1.3441074, -0.0040609, 26.2394952, -11.6908616
282.9797477, 263.5021596, 102.3013760, -1.3482449, -0.0042148, 25.7901349, -11.6030351
283.9796762, 264.4778935, 102.5199979, -1.3525362, -0.0043684, 25.3362714, -11.5222051
284.9796046, 265.4546118, 102.7343642, -1.3569812, -0.0045220, 24.8773770, -11.4101304
285.9795330, 266.4322164, 102.9442859, -1.3616105, -0.0047396, 24.4144477, -11.3064988
286.9794615, 267.4108411, 103.1495798, -1.3664596, -0.0049593, 23.9468971, -11.2125184
287.9793899, 268.3905124, 103.3500265, -1.3715287, -0.0051791, 23.4740377, -10.9999526
288.9793184, 269.3711296, 103.5453431, -1.3769336, -0.0056403, 23.0006982, -10.8024125
289.9792468, 270.3528746, 103.7351342, -1.3828084, -0.0061101, 22.5261812, -10.6242791
290.9791752, 271.3358167, 103.9189339, -1.3891532, -0.0065796, 22.0495306, -10.5453981
291.9791037, 272.3198200, 104.0962670, -1.3958840, -0.0068776, 21.5660036, -10.4815616
292.9790321, 273.3050855, 104.2668405, -1.4029067, -0.0071689, 21.0744132, -10.4295452
293.9789605, 274.2916269, 104.4303597, -1.4102213, -0.0074603, 20.5736067, -10.4010543
294.9788890, 275.2792129, 104.5864961, -1.4178123, -0.0077228, 20.0617216, -10.3836020
295.9788174, 276.2680458, 104.7350125, -1.4256654, -0.0079847, 19.5373221, -10.3768063
296.9787459, 277.2581098, 104.8756399, -1.4337812, -0.0082469, 18.9988112, -10.3767966
297.9786743, 278.2491626, 105.0080784, -1.4421624, -0.0085181, 18.4445851, -10.3777546
298.9786027, 279.2413672, 105.1320787, -1.4508160, -0.0087905, 17.8731277, -10.3895945
299.9785312, 280.2346907, 105.2473604, -1.4597428, -0.0090634, 17.2821004, -10.1286226
300.9784596, 281.2287205, 105.3534332, -1.4694781, -0.0104715, 16.6857783, -9.8829232
301.9783880, 282.2239805, 105.4491110, -1.4806805, -0.0119351, 16.0826231, -9.6939731
302.9783165, 283.2206821, 105.5329352, -1.4933461, -0.0133880, 15.4681675, -8.6807863
303.9782449, 284.2176274, 105.6027827, -1.5092715, -0.0187079, 14.8964384, -7.7675996
304.9781734, 285.2161215, 105.6539970, -1.5307531, -0.0242588, 14.3655766, -6.9946020
305.9781018, 286.2162442, 105.6809928, -1.5577865, -0.0297681, 13.8701690, -6.3306650
306.9780302, 287.2156798, 105.6782120, -1.5902918, -0.0352952, 13.4060122, -5.7471082
307.9779587, 288.2148408, 105.6401493, -1.6283909, -0.0409192, 12.9702648, -5.2449342
308.9778871, 289.2120139, 105.5612028, -1.6721560, -0.0465744, 12.5594049, -4.8254039
309.9778155, 290.2046355, 105.4358831, -1.7215457, -0.0521980, 12.1691632, -4.4197247
310.9777440, 291.1889397, 105.2589679, -1.7767207, -0.0581866, 11.8004117, -4.0403284
311.9776724, 292.1602818, 105.0253506, -1.8379668, -0.0644323, 11.4529314, -3.7556668
312.9776009, 293.1165197, 104.7291119, -1.9054556, -0.0704200, 11.1201998, -3.4598945
313.9775293, 294.0483625, 104.3666839, -1.9790848, -0.0769052, 10.8046078, -3.1793857
314.9774577, 294.9482200, 103.9344357, -2.0592455, -0.0836605, 10.5062473, -2.8661336
315.9773862, 295.8129005, 103.4259696, -2.1467316, -0.0910307, 10.2298277, -2.3437527
316.9773146, 296.6255323, 102.8421711, -2.2423604, -0.1003490, 9.9981101, -1.6097396
317.9772430, 297.3717827, 102.1833175, -2.3475856, -0.1111507, 9.8357998, -1.3799386
318.9771715, 298.0460995, 101.4405868, -2.4621316, -0.1167495, 9.6944973, -0.9841028
319.9770999, 298.6268727, 100.6271279, -2.5821146, -0.1234682, 9.5924560, -0.3424886
320.9770284, 299.1010326, 99.7523990, -2.7089278, -0.1313912, 9.5566879, -0.3424886
321.9769568, 299.4598545, 98.8228849, -2.8357623, -0.1221061, 9.5207855, 0.5917284
322.9768852, 299.7035822, 97.8541002, -2.9528792, -0.1124520, 9.5827307, 1.3293175
323.9768137, 299.8372442, 96.8606154, -3.0615091, -0.1045185, 9.7204513, 1.7700172
324.9767421, 299.8664837, 95.8653088, 3.1215792, -0.0965078, 9.9008562, 2.1720333
325.9766705, 299.7995520, 94.8678780, 3.0288253, -0.0891581, 10.1178411, 2.4889337
326.9765990, 299.6432806, 93.8769276, 2.9425803, -0.0828081, 10.3608986, 2.7081454
327.9765274, 299.4075365, 92.9085334, 2.8645029, -0.0738820, 10.6190453, 3.2458903
328.9764558, 299.0999595, 91.9568946, 2.7948660, -0.0654686, 10.9204139, 3.7453021
329.9763843, 298.7297339, 91.0252118, 2.7331130, -0.0578747, 11.2581308, 4.1893468
330.9763127, 298.3076030, 90.1198497, 2.6785888, -0.0512905, 11.6242678, 4.5627286
331.9762412, 297.8391145, 89.2363642, 2.6305240, -0.0448681, 12.0103458, 4.7590685
332.9761696, 297.3311229, 88.3742698, 2.5887282, -0.0387322, 12.4002364, 4.7233780
333.9760980, 296.7902747, 87.5329353, 2.5527055, -0.0332939, 12.7754429, 4.6879552
334.9760265, 296.2218502, 86.7102690, 2.5221252, -0.0278749, 13.1372441, 4.6527981
335.9759549, 295.6309515, 85.9040827, 2.4969470, -0.0225481, 13.4867384, 4.6179046
336.9758833, 295.0213096, 85.1109559, 2.4761605, -0.0190012, 13.8248783, 4.5832728
337.9758118, 294.3970484, 84.3299805, 2.4589503, -0.0154216, 14.1524962, 4.5489007
338.9757402, 293.7609801, 83.5589125, 2.4453304, -0.0118585, 14.4703248, 4.5147864
339.9756687, 293.1152185, 82.7953704, 2.4339916, -0.0108188, 14.7790130, 4.4809279
340.9755971, 292.4612885, 82.0389212, 2.4236937, -0.0097786, 15.0791393, 4.4473233
341.9755255, 291.8000401, 81.2889547, 2.4144362, -0.0087433, 15.3712215, 4.4139708
342.9754540, 291.1320601, 80.5447499, 2.4058555, -0.0084177, 15.6557261, 4.3808684
343.9753824, 290.4579007, 79.8062612, 2.3976009, -0.0080928, 15.9330747, 4.3480142
344.9753108, 289.7778550, 79.0733245, 2.3896716, -0.0077686, 16.2036501, 4.3154065
345.9752393, 289.0919807, 78.3455629, 2.3819913, -0.0075914, 16.4678011, 4.2830432
346.9751677, 288.4006746, 77.6231053, 2.3744890, -0.0074144, 16.7258466, 4.2509227
347.9750962, 287.7041014, 76.9058643, 2.3671643, -0.0072375, 16.9780795, 4.2190431
348.9750246, 287.0022695, 76.1935283, 2.3601570, -0.0067759, 17.2247689, 4.1874025
349.9749530, 286.2956789, 75.4860158, 2.3536131, -0.0063128, 17.4661636, 4.1559992
350.9748815, 285.5846786, 74.7830191, 2.3475328, -0.0058494, 17.7024934, 4.1248315
351.9748099, 284.8694843, 74.0841335, 2.3418441, -0.0055293, 17.9339719, 4.0938974
352.9747383, 284.1504689, 73.3892441, 2.3364746, -0.0052104, 18.1607972, 4.0631954
353.9746668, 283.4278751, 72.6981408, 2.3314243, -0.0048916, 18.3831544, 4.0327236
354.9745952, 282.7018304, 72.0105386, 2.3266184, -0.0047222, 18.6012160, 4.0024804
355.9745237, 281.9725773, 71.3264009, 2.3219803, -0.0045546, 18.8151435, 3.9724639
356.9744521, 281.2402458, 70.6456190, 2.3175101, -0.0043869, 19.0250882, 3.9426726
357.9743805, 280.5048776, 69.9680055, 2.3132017, -0.0042302, 19.2311925, 3.9131046
358.9743090, 279.7666757, 69.2935326, 2.3090501, -0.0040737, 19.4335898, 3.8837585
359.9742374, 279.0257591, 68.6220961, 2.3050550, -0.0039172, 19.6324062, 3.8546323
360.9741658, 278.2821679, 67.9535208, 2.3012182, -0.0037568, 19.8277605, 3.8257247
361.9740943, 277.5360944, 67.2877649, 2.2975419, -0.0035963, 20.0197649, 3.7970338
362.9740227, 276.7876565, 66.6247182, 2.2940262, -0.0034358, 20.2085257, 3.7685581
363.9739512, 276.0368979, 65.9642090, 2.2906621, -0.0032932, 20.3941435, 3.7402959
364.9738796, 275.2839894, 65.3061940, 2.2874403, -0.0031508, 20.5767137, 3.7122457
365.9738080, 274.5290315, 64.6505717, 2.2843610, -0.0030084, 20.7563269, 3.6844059
366.9737365, 273.7720636, 63.9972015, 2.2813923, -0.0029306, 20.9330693, 3.6567748
367.9736649, 273.0131988, 63.3460648, 2.2785001, -0.0028541, 21.1070229, 3.6293509
368.9735933, 272.2524920, 62.6971076, 2.2756845, -0.0027776, 21.2782659, 3.6021328
369.9735218, 271.4899607, 62.0502476, 2.2729383, -0.0027155, 21.4468727, 3.5751187
370.9734502, 270.7256854, 61.4054685, 2.2702539, -0.0026537, 21.6129145, 3.5483072
371.9733787, 269.9597121, 60.7627283, 2.2676313, -0.0025919, 21.7764593, 3.5216968
372.9733071, 269.1920563, 60.1219593, 2.2650705, -0.0025302, 21.9375721, 3.4952860
373.9732355, 268.4227908, 59.4831420, 2.2625713, -0.0024684, 22.0963151, 3.4690732
374.9731640, 267.6519606, 58.8462334, 2.2601340, -0.0024067, 22.2527480, 3.4430570
375.9730924, 266.8795815, 58.2111665, 2.2577583, -0.0023450, 22.4069278, 3.4172359
376.9730208, 266.1057240, 57.5779197, 2.2554442, -0.0022834, 22.5589095, 3.3916085
377.9729493, 265.3304320, 56.9464488, 2.2531919, -0.0022217, 22.7087456, 3.3661733
378.9728777, 264.5537215, 56.3166885, 2.2509991, -0.0021641, 22.8564869, 3.3409288
379.9728061, 263.7756581, 55.6886169, 2.2488639, -0.0021066, 23.0021819, 3.3158736
380.9727346, 262.9962816, 55.0621923, 2.2467862, -0.0020491, 23.1458775, 3.2910063
381.9726630, 262.2156068, 54.4373558, 2.2447587, -0.0020065, 23.2876187, 3.2663256
382.9725915, 261.4336866, 53.8140922, 2.2427734, -0.0019644, 23.4274491, 3.2418299
383.9725199, 260.6505506, 53.1923711, 2.2408303, -0.0019222, 23.5654104, 3.2175179
384.9724483, 259.8662076, 52.5721469, 2.2389269, -0.0018850, 23.7015430, 3.1933882
385.9723768, 259.0807029, 51.9534067, 2.2370606, -0.0018479, 23.8358860, 3.1694395
386.9723052, 258.2940627, 51.3361240, 2.2352315, -0.0018108, 23.9684769, 3.1456704
387.9722336, 257.5062936, 50.7202567, 2.2334393, -0.0017738, 24.0993522, 3.1220796
388.9721621, 256.7174394, 50.1057925, 2.2316842, -0.0017368, 24.2285470, 3.0986657
389.9720905, 255.9275261, 49.4927044, 2.2299660, -0.0016998, 24.3560953, 3.0754273
390.9720190, 255.1365593, 48.8809498, 2.2282853, -0.0016618, 24.4820300, 3.0523633
391.9719474, 254.3445831, 48.2705150, 2.2266427, -0.0016238, 24.6063829, 3.0294722
392.9718758, 253.5516231, 47.6613718, 2.2250380, -0.0015858, 24.7291850, 3.0067528
393.9718043, 252.7576875, 47.0534790, 2.2234703, -0.0015500, 24.8504661, 2.9842037
394.9717327, 251.9628152, 46.4468208, 2.2219383, -0.0015142, 24.9702552, 2.9618238
395.9716611, 251.1670292, 45.8413699, 2.2204420, -0.0014785, 25.0885805, 2.9396117
396.9715896, 250.3703410, 45.2370926, 2.2189752, -0.0014556, 25.2054691, 2.9175662
397.9715180, 249.5727767, 44.6339775, 2.2175309, -0.0014332, 25.3209476, 2.8956860
398.9714465, 248.7743515, 44.0320079, 2.2161091, -0.0014107, 25.4350417, 2.8739700
399.9713749, 247.9750726, 43.4311620, 2.2147079, -0.0013921, 25.5477763, 2.8524167
400.9713033, 247.1749604, 42.8314308, 2.2133251, -0.0013736, 25.6591757, 2.8310251
401.9712318, 246.3740277, 42.2328011, 2.2119609, -0.0013551, 25.7692636, 2.8097940
402.9711602, 245.5722798, 41.6352536, 2.2106152, -0.0013366, 25.8780627, 2.7887220
403.9710886, 244.7697363, 41.0387798, 2.2092879, -0.0013181, 25.9855955, 2.7678081
404.9710171, 243.9664100, 40.4433663, 2.2079792, -0.0012996, 26.0918837, 2.7470510
405.9709455, 243.1623055, 39.8489935, 2.2066889, -0.0012811, 26.1969484, 2.7264496
406.9708740, 242.3574427, 39.2556530, 2.2054171, -0.0012626, 26.3008101, 2.7060027
407.9708024, 241.5518342, 38.6633312, 2.2041638, -0.0012441, 26.4034890, 2.6857091
408.9707308, 240.7454843, 38.0720083, 2.2029290, -0.0012257, 26.5050045, 2.6655678
409.9706593, 239.9384127, 37.4816758, 2.2017127, -0.0012072, 26.6053758, 2.6455774
410.9705877, 239.1306318, 36.8923200, 2.2005148, -0.0011887, 26.7046212, 2.6257370
411.9705161, 238.3221458, 36.3039212, 2.1993350, -0.0011710, 26.8027591, 2.6060454
412.9704446, 237.5129738, 35.7164711, 2.1981730, -0.0011532, 26.8998069, 2.5865015
413.9703730, 236.7031275, 35.1299564, 2.1970288, -0.0011355, 26.9957820, 2.5671041
414.9703015, 235.8926108, 34.5443584, 2.1959010, -0.0011203, 27.0907011, 2.5478522
415.9702299, 235.0814408, 33.9596703, 2.1947883, -0.0011053, 27.1845806, 2.5287447
416.9701583, 234.2696274, 33.3758808, 2.1936906, -0.0010902, 27.2774367, 2.5097804
417.9700868, 233.4571737, 32.7929737, 2.1926073, -0.0010765, 27.3692849, 2.4909584
418.9700152, 232.6440949, 32.2109429, 2.1915378, -0.0010628, 27.4601405, 2.4722776
419.9699436, 231.8304002, 31.6297781, 2.1904819, -0.0010491, 27.5500184, 2.4537368
420.9698721, 231.0160923, 31.0494646, 2.1894385, -0.0010379, 27.6389334, 2.4353351
421.9698005, 230.2011842, 30.4699979, 2.1884063, -0.0010268, 27.7268996, 2.4170714
422.9697289, 229.3856835, 29.8913693, 2.1873852, -0.0010157, 27.8139310, 2.3989447
423.9696574, 228.5695921, 29.3135671, 2.1863748, -0.0010053, 27.9000413, 2.3809539
424.9695858, 227.7529219, 28.7365865, 2.1853747, -0.0009950, 27.9852438, 2.3630980
425.9695143, 226.9356796, 28.1604199, 2.1843849, -0.0009847, 28.0695516, 2.3453760
426.9694427, 226.1178673, 27.5850562, 2.1834051, -0.0009752, 28.1529775, 2.3277870
427.9693711, 225.2994957, 27.0104912, 2.1824346, -0.0009658, 28.2355341, 2.3103298
428.9692996, 224.4805712, 26.4367179, 2.1814737, -0.0009563, 28.3172335, 2.2930036
429.9692280, 223.6610955, 25.8637260, 2.1805220, -0.0009472, 28.3980878, 2.2758073
430.9691564, 222.8410788, 25.2915114, 2.1795794, -0.0009381, 28.4781088, 2.2587399
431.9690849, 222.0205272, 24.7200674, 2.1786459, -0.0009290, 28.5573080, 2.2418006
432.9690133, 221.1994422, 24.1493840, 2.1777212, -0.0009204, 28.6356966, 2.2249883
433.9689418, 220.3778337, 23.5794574, 2.1768052, -0.0009118, 28.7132857, 2.2083021
434.9688702, 219.5557073, 23.0102811, 2.1758977, -0.0009032, 28.7900862, 2.1917410
435.9687986, 218.7330645, 22.4418458, 2.1749988, -0.0008947, 28.8661087, 2.1753041
436.9687271, 217.9099147, 21.8741475, 2.1741084, -0.0008863, 28.9413636, 2.1589905
437.9686555, 217.0862635, 21.3071798, 2.1732264, -0.0008778, 29.0158612, 2.1427992
438.9685839, 216.2621124, 20.7409336, 2.1723529, -0.0008693, 29.0896114, 2.1267294
439.9685124, 215.4374707, 20.1754047, 2.1714880, -0.0008608, 29.1626242, 2.1107801
440.9684408, 214.6123437, 19.6105868, 2.1706314, -0.0008523, 29.2349090, 2.0949504
441.9683693, 213.7867333, 19.0464706, 2.1697834, -0.0008439, 29.3064755, 2.0792394
442.9682977, 212.9606482, 18.4830520, 2.1689439, -0.0008354, 29.3773329, 2.0636462
443.9682261, 212.1340942, 17.9203246, 2.1681128, -0.0008269, 29.4474903, 2.0481699
444.9681546, 211.3070727, 17.3582793, 2.1672898, -0.0008193, 29.5169567, 2.0328098
445.9680830, 210.4795922, 16.7969124, 2.1664744, -0.0008117, 29.5857408, 2.0175648
446.9680114, 209.6516574, 16.2362180, 2.1656666, -0.0008041, 29.6538514, 2.0024341
447.9679399, 208.8232699, 15.6761887, 2.1648649, -0.0007995, 29.7212968, 1.9874169
448.9678683, 207.9944358, 15.1168222, 2.1640677, -0.0007951, 29.7880854, 1.9725124
449.9677968, 207.1651580, 14.5581154, 2.1632749, -0.0007906, 29.8542254, 1.9577196
450.9677252, 206.3354374, 14.0000635, 2.1624862, -0.0007869, 29.9197248, 1.9430378
451.9676536, 205.5052785, 13.4426650, 2.1617013, -0.0007831, 29.9845916, 1.9284660
452.9675821, 204.6746840, 12.8859172, 2.1609201, -0.0007794, 30.0488334, 1.9140036
453.9675105, 203.8436547, 12.3298160, 2.1601427, -0.0007756, 30.1124579, 1.8996496
454.9674389, 203.0121950, 11.7743598, 2.1593690, -0.0007719, 30.1754726, 1.8854032
455.9673674, 202.1803074, 11.2195460, 2.1585991, -0.0007681, 30.2378849, 1.8712637
456.9672958, 201.3479927, 10.6653704, 2.1578329, -0.0007644, 30.2997020, 1.8572302
457.9672243, 200.5152553, 10.1118316, 2.1570705, -0.0007606, 30.3609311, 1.8433020
458.9671527, 199.6820977, 9.5589266, 2.1563118, -0.0007569, 30.4215791, 1.8294782
459.9670811, 198.8485208, 9.0066516, 2.1555569, -0.0007531, 30.4816530, 1.8157581
460.9670096, 198.0145287, 8.4550048, 2.1548057, -0.0007494, 30.5411596, 1.8021409
461.9669380, 197.1801242, 7.9039836, 2.1540582, -0.0007456, 30.6001054, 1.7886258
462.9668664, 196.3453079, 7.3535838, 2.1533145, -0.0007419, 30.6584972, 1.7752121
463.9667949, 195.5100840, 6.8038039, 2.1525746, -0.0007381, 30.7163412, 1.7618989
464.9667233, 194.6744552, 6.2546409, 2.1518383, -0.0007344, 30.7736440, 1.7486856
465.9666518, 193.8384222, 5.7060911, 2.1511057, -0.0007309, 30.8304117, 1.7355714
466.9665802, 193.0019890, 5.1581527, 2.1503766, -0.0007274, 30.8866505, 1.7225556
467.9665086, 192.1651581, 4.6108232, 2.1496510, -0.0007239, 30.9423665, 1.7096373
468.9664371, 191.3279301, 4.0640991, 2.1489285, -0.0007213, 30.9975656, 1.6968160
469.9663655, 190.4903085, 3.5179793, 2.1482085, -0.0007188, 31.0522538, 1.6840908
470.9662939, 189.6522950, 2.9724620, 2.1474910, -0.0007162, 31.1064367, 1.6714610
471.9662224, 188.8138902, 2.4275444, 2.1467761, -0.0007138, 31.1601201, 1.6589259
472.9661508, 187.9750970, 1.8832257, 2.1460635, -0.0007115, 31.2133097, 1.6464849
473.9660792, 187.1359173, 1.3395041, 2.1453533, -0.0007091, 31.2660109, 1.6341371
474.9660077, 186.2963514, 0.7963771, 2.1446454, -0.0007066, 31.3182291, 1.6218820
475.9659361, 185.4564023, 0.2538437, 2.1439401, -0.0007042, 31.3699698, 1.6097187
476.9658646, 184.6160720, -0.2880979, 2.1432372, -0.0007017, 31.4212383, 1.5976467
477.9657930, 183.7753606, -0.8294502, 2.1425367, -0.0006994, 31.4720396, 1.5856652
478.9657214, 182.9342713, -1.3702142, 2.1418384, -0.0006972, 31.5223791, 1.5737736
479.9656499, 182.0928057, -1.9103913, 2.1411424, -0.0006950, 31.5722616, 1.5619711
480.9655783, 181.2509640, -2.4499840, 2.1404482, -0.0006935, 31.6216923, 1.5502572
481.9655067, 180.4087486, -2.9889926, 2.1397554, -0.0006922, 31.6706760, 1.5386311
482.9654352, 179.5661609, -3.5274178, 2.1390640, -0.0006908, 31.7192175, 1.5270922
483.9653636, 178.7232006, -4.0652614, 2.1383738, -0.0006897, 31.7673216, 1.5156398
484.9652921, 177.8798700, -4.6025233, 2.1376848, -0.0006886, 31.8149931, 1.5042733
485.9652205, 177.0361701, -5.1392041, 2.1369968, -0.0006875, 31.8622365, 1.4929921
486.9651489, 176.1921007, -5.6753053, 2.1363099, -0.0006865, 31.9090565, 1.4817954
487.9650774, 175.3476638, -6.2108268, 2.1356239, -0.0006855, 31.9554575, 1.4706828
488.9650058, 174.5028604, -6.7457691, 2.1349389, -0.0006845, 32.0014440, 1.4596534
489.9649342, 173.6576905, -7.2801333, 2.1342548, -0.0006839, 32.0470204, 1.4487068
490.9648627, 172.8121555, -7.8139193, 2.1335712, -0.0006833, 32.0921910, 1.4378423
491.9647911, 171.9662562, -8.3471272, 2.1328882, -0.0006828, 32.1369601, 1.4270592
492.9647196, 171.1199929, -8.8797574, 2.1322050, -0.0006837, 32.1813318, 1.4163571
493.9646480, 170.2733655, -9.4118090, 2.1315208, -0.0006848, 32.2253104, 1.4057351
494.9645764, 169.4263739, -9.9432808, 2.1308356, -0.0006858, 32.2688999, 1.3951929
495.9645049, 168.5790185, -10.4741715, 2.1301495, -0.0006866, 32.3121043, 1.3847297
496.9644333, 167.7312984, -11.0044804, 2.1294625, -0.0006874, 32.3549277, 1.3743450
497.9643617, 166.8832138, -11.5342068, 2.1287748, -0.0006882, 32.3973740, 1.3640381
498.9642902, 166.0347654, -12.0633490, 2.1280862, -0.0006890, 32.4394470, 1.3538085
499.9642186, 165.1859523, -12.5919067, 2.1273968, -0.0006898, 32.4811506, 1.3436557
500.9641471, 164.3367746, -13.1198790, 2.1267066, -0.0006906, 32.5224886, 1.3335790
501.9640755, 163.4872330, -13.6472644, 2.1260156, -0.0006915, 32.5634646, 1.3235779
502.9640039, 162.6373267, -14.1740624, 2.1253238, -0.0006923, 32.6040825, 1.3136518
503.9639324, 161.7870557, -14.7002720, 2.1246311, -0.0006931, 32.6443458, 1.3038001
504.9638608, 160.9364207, -15.2258921, 2.1239377, -0.0006939, 32.6842581, 1.2940223
505.9637892, 160.0854209, -15.7509219, 2.1232434, -0.0006947, 32.7238229, 1.2843178
506.9637177, 159.2340565, -16.2753605, 2.1225483, -0.0006955, 32.7630438, 1.2746861
507.9636461, 158.3823279, -16.7992067, 2.1218524, -0.0006964, 32.8019241, 1.2651267
508.9635746, 157.5302345, -17.3224597, 2.1211557, -0.0006972, 32.8404674, 1.2556389
509.9635030, 156.6777765, -17.8451188, 2.1204582, -0.0006980, 32.8786769, 1.2462223
510.9634314, 155.8249541, -18.3671825, 2.1197599, -0.0006988, 32.9165561, 1.2368763
511.9633599, 154.9717671, -18.8886503, 2.1190607, -0.0006996, 32.9541081, 1.2276004
512.9632883, 154.1182153, -19.4095213, 2.1183607, -0.0007004, 32.9913362, 1.2183940
513.9632167, 153.2642992, -19.9297941, 2.1176599, -0.0007013, 33.0282436, 1.2092567
514.9631452, 152.4100183, -20.4494680, 2.1169583, -0.0007021, 33.0648335, 1.2001879
515.9630736, 151.5553727, -20.9685422, 2.1162559, -0.0007029, 33.1011091, 1.1911872
516.9630020, 150.7003628, -21.4870153, 2.1155523, -0.0007044, 33.1370733, 1.1822539
517.9629305, 149.8449877, -22.0048862, 2.1148472, -0.0007059, 33.1727292, 1.1733876
518.9628589, 148.9892470, -22.5221533, 2.1141406, -0.0007074, 33.2080799, 1.1645879
519.9627874, 148.1331412, -23.0388143, 2.1134313, -0.0007114, 33.2431283, 1.1558541
520.9627158, 147.2766676, -23.5548663, 2.1127179, -0.0007154, 33.2778774, 1.1471858
521.9626442, 146.4198245, -24.0703059, 2.1120005, -0.0007195, 33.3123300, 1.1385825
522.9625727, 145.5626119, -24.5851282, 2.1112788, -0.0007241, 33.3464891, 1.1300438
523.9625011, 144.7050262, -25.0993300, 2.1105525, -0.0007287, 33.3803574, 1.1215690
524.9624295, 143.8470654, -25.6129073, 2.1098216, -0.0007333, 33.4139377, 1.1131579
525.9623580, 142.9887296, -26.1258546, 2.1090861, -0.0007379, 33.4472329, 1.1048098
526.9622864, 142.1300149, -26.6381689, 2.1083460, -0.0007425, 33.4802457, 1.0965243
527.9622149, 141.2709194, -27.1498459, 2.1076013, -0.0007471, 33.5129788, 1.0883010
528.9621433, 140.4114433, -27.6608801, 2.1068517, -0.0007521, 33.5454347, 1.0801393
529.9620717, 139.5515825, -28.1712682, 2.1060972, -0.0007571, 33.5776163, 1.0720388
530.9620002, 138.6913346, -28.6810056, 2.1053376, -0.0007622, 33.6095260, 1.0639991
531.9619286, 137.8307001, -29.1900861, 2.1045722, -0.0007687, 33.6411665, 1.0560197
532.9618570, 136.9696737, -29.6985054, 2.1038002, -0.0007754, 33.6725403, 1.0481001
533.9617855, 136.1082523, -30.2062575, 2.1030216, -0.0007820, 33.7036500, 1.0402399
534.9617139, 135.2464361, -30.7133347, 2.1022361, -0.0007889, 33.7344980, 1.0324387
535.9616424, 134.3842192, -31.2197324, 2.1014438, -0.0007959, 33.7650868, 1.0246959
536.9615708, 133.5215983, -31.7254445, 2.1006444, -0.0008029, 33.7954188, 1.0170113
537.9614992, 132.6585739, -32.2304625, 2.0998381, -0.0008099, 33.8254964, 1.0093842
538.9614277, 131.7951399, -32.7347821, 2.0990248, -0.0008168, 33.8553220, 1.0018144
539.9613561, 130.9312930, -33.2383971, 2.0982046, -0.0008238, 33.8848980, 0.9943013
540.9612845, 130.0670338, -33.7412989, 2.0973772, -0.0008309, 33.9142267, 0.9868446
541.9612130, 129.2023560, -34.2434830, 2.0965428, -0.0008381, 33.9433104, 0.9794438
542.9611414, 128.3372563, -34.7449431, 2.0957012, -0.0008453, 33.9721514, 0.9720985
543.9610699, 127.4717356, -35.2456703, 2.0948521, -0.0008530, 34.0007519, 0.9648083
544.9609983, 126.6057868, -35.7456598, 2.0939952, -0.0008609, 34.0291141, 0.9575727
545.9609267, 125.7394066, -36.2449044, 2.0931305, -0.0008687, 34.0572403, 0.9503914
546.9608552, 124.8725958, -36.7433947, 2.0922579, -0.0008766, 34.0851326, 0.9432640
547.9607836, 124.0053471, -37.2411259, 2.0913775, -0.0008844, 34.1127931, 0.9361900
548.9607120, 123.1376569, -37.7380907, 2.0904892, -0.0008923, 34.1402241, 0.9291691
549.9606405, 122.2695268, -38.2342796, 2.0895932, -0.0008997, 34.1674276, 0.9222008
550.9605689, 121.4009492, -38.7296880, 2.0886899, -0.0009071, 34.1944056, 0.9152848
551.9604974, 120.5319209, -39.2243094, 2.0877793, -0.0009144, 34.2211603, 0.9084207
552.9604258, 119.6624440, -39.7181342, 2.0868613, -0.0009217, 34.2476937, 0.9016080
553.9603542, 118.7925108, -40.2111584, 2.0859361, -0.0009289, 34.2740078, 0.8948464
554.9602827, 117.9221182, -40.7033753, 2.0850037, -0.0009361, 34.3001046, 0.8881356
555.9602111, 117.0512687, -41.1947743, 2.0840608, -0.0009501, 34.3259861, 0.8814750
556.9601395, 116.1799508, -41.6853467, 2.0831036, -0.0009645, 34.3516542, 0.8748644
557.9600680, 115.3081575, -42.1750801, 2.0821319, -0.0009789, 34.3771109, 0.8683034
558.9599964, 114.4358902, -42.6639529, 2.0811342, -0.0010181, 34.4023580, 0.8617916
559.9599248, 113.5631220, -43.1519396, 2.0800959, -0.0010586, 34.4273974, 0.8553287
560.9598533, 112.6898323, -43.6390051, 2.0790170, -0.0010992, 34.4522311, 0.8489141
561.9597817, 111.8160196, -44.1251038, 2.0778972, -0.0011407, 34.4768609, 0.8425477
562.9597102, 110.9416466, -44.6102090, 2.0767358, -0.0011823, 34.5012885, 0.8362291
563.9596386, 110.0666925, -45.0942847, 2.0755328, -0.0012238, 34.5255159, 0.8299578
564.9595670, 109.1911625, -45.5772809, 2.0742892, -0.0012636, 34.5495448, 0.8237336
565.9594955, 108.3150153, -46.0591747, 2.0730059, -0.0013032, 34.5733770, 0.8175560
566.9594239, 107.4382318, -46.5399314, 2.0716830, -0.0013428, 34.5970142, 0.8114248
567.9593523, 106.5608204, -47.0195012, 2.0703204, -0.0013825, 34.6204582, 0.8053395
568.9592808, 105.6827392, -47.4978619, 2.0689183, -0.0014221, 34.6437106, 0.7992999
569.9592092, 104.8039693, -47.9749785, 2.0674764, -0.0014617, 34.6667733, 0.7933056
570.9591377, 103.9245203, -48.4508007, 2.0659950, -0.0015014, 34.6896479, 0.7873562
571.9590661, 103.0443500, -48.9253065, 2.0644739, -0.0015411, 34.7123360, 0.7814515
572.9589945, 102.1634400, -49.3984605, 2.0629131, -0.0015807, 34.7348393, 0.7755910
573.9589230, 101.2818012, -49.8702119, 2.0613127, -0.0016204, 34.7571594, 0.7697745
574.9588514, 100.3993909, -50.3405387, 2.0596726, -0.0016600, 34.7792980, 0.7640016
575.9587798, 99.5161910, -50.8094055, 2.0579929, -0.0016996, 34.8012566, 0.7582720
576.9587083, 98.6322145, -51.2767605, 2.0562735, -0.0017394, 34.8230369, 0.7525854
577.9586367, 97.7474177, -51.7425820, 2.0545143, -0.0017792, 34.8446404, 0.7469414
578.9585652, 96.8617827, -52.2068344, 2.0527154, -0.0018190, 34.8660686, 0.7413397
579.9584936, 95.9753254, -52.6694645, 2.0508768, -0.0018584, 34.8873231, 0.7357801
580.9584220, 95.0880003, -53.1304514, 2.0489989, -0.0018978, 34.9084054, 0.7302621
581.9583505, 94.1997901, -53.5897598, 2.0470814, -0.0019372, 34.9293170, 0.7247856
582.9582789, 93.3107145, -54.0473350, 2.0451241, -0.0019778, 34.9500594, 0.7193500
583.9582073, 92.4207251, -54.5031565, 2.0431262, -0.0020183, 34.9706341, 0.7139553
584.9581358, 91.5298041, -54.9571877, 2.0410877, -0.0020589, 34.9910426, 0.7086010
585.9580642, 90.6379757, -55.4093714, 2.0390102, -0.0020964, 35.0112862, 0.7032869
586.9579927, 89.7451896, -55.8596906, 2.0368953, -0.0021337, 35.0313664, 0.6980126
587.9579211, 88.8514303, -56.3081113, 2.0347431, -0.0021709, 35.0512847, 0.6927779
588.9578495, 87.9567254, -56.7545760, 2.0325486, -0.0022190, 35.0710424, 0.6875824
589.9577780, 87.0610200, -57.1990605, 2.0303053, -0.0022679, 35.0906409, 0.6824259
590.9577064, 86.1642943, -57.6415198, 2.0280132, -0.0023167, 35.1100817, 0.6773081
591.9576348, 85.2665721, -58.0818862, 2.0256676, -0.0023755, 35.1293660, 0.6722287
592.9575633, 84.3677945, -58.5201249, 2.0232626, -0.0024349, 35.1484952, 0.6671873
593.9574917, 83.4679378, -58.9561811, 2.0207981, -0.0024944, 35.1674707, 0.6621838
594.9574202, 82.5670234, -59.3899786, 2.0182747, -0.0025526, 35.1862938, 0.6572177
595.9573486, 81.6649925, -59.8214810, 2.0156932, -0.0026108, 35.2049657, 0.6522890
596.9572770, 80.7618230, -60.2506344, 2.0130535, -0.0026689, 35.2234878, 0.6473971
597.9572055, 79.8575390, -60.6773628, 2.0103556, -0.0027273, 35.2418614, 0.6425420
598.9571339, 78.9520823, -61.1016294, 2.0075993, -0.0027857, 35.2600877, 0.6377233
599.9570623, 78.0454319, -61.5233794, 2.0047846, -0.0028441, 35.2781681, 0.6329407
600.9569908, 77.1376131, -61.9425366, 2.0019116, -0.0029024, 35.2961037, 0.6281940
601.9569192, 76.2285697, -62.3590628, 1.9989802, -0.0029608, 35.3138957, 0.6234829
602.9568477, 75.3182822, -62.7729027, 1.9959903, -0.0030192, 35.3315455, 0.6188071
603.9567761, 74.4067754, -63.1839808, 1.9929420, -0.0030780, 35.3490542, 0.6141664
604.9567045, 73.4939966, -63.5922565, 1.9898349, -0.0031367, 35.3664230, 0.6095605
605.9566330, 72.5799278, -63.9976734, 1.9866689, -0.0031955, 35.3836532, 0.6049891
606.9565614, 71.6645918, -64.4001574, 1.9834447, -0.0032535, 35.4007458, 0.6004520
607.9564898, 70.7479415, -64.7996656, 1.9801624, -0.0033114, 35.4177021, 0.5959489
608.9564183, 69.8299615, -65.1961416, 1.9768223, -0.0033694, 35.4345232, 0.5914796
609.9563467, 68.9106701, -65.5895140, 1.9734231, -0.0034296, 35.4512103, 0.5870438
610.9562751, 67.9900275, -65.9797347, 1.9699635, -0.0034901, 35.4677644, 0.5826413
611.9562036, 67.0680196, -66.3667440, 1.9664434, -0.0035506, 35.4841868, 0.5782718
612.9561320, 66.1446605, -66.7504712, 1.9628656, -0.0036051, 35.5004785, 0.5739351
613.9560605, 65.2199173, -67.1308701, 1.9592337, -0.0036591, 35.5166406, 0.5696309
614.9559889, 64.2937783, -67.5078872, 1.9555479, -0.0037131, 35.5326743, 0.5653590
615.9559173, 63.3662661, -67.8814594, 1.9518217, -0.0037373, 35.5485805, 0.5611191
616.9558458, 62.4373556, -68.2515665, 1.9480739, -0.0037589, 35.5643605, 0.5569110
617.9557742, 61.5070494, -68.6181839, 1.9443045, -0.0037805, 35.5800152, 0.5527345
618.9557026, 60.5753814, -68.9812749, 1.9405131, -0.0038029, 35.5955456, 0.5485892
619.9556311, 59.6423325, -69.3408233, 1.9366993, -0.0038254, 35.6109529, 0.5444751
620.9555595, 58.7079072, -69.6968031, 1.9328628, -0.0038480, 35.6262381, 0.5403918
621.9554880, 57.7721303, -70.0491804, 1.9290036, -0.0038711, 35.6414021, -6.5415074
622.9554164, 56.8349929, -70.3979343, 1.9251212, -0.0038942, 35.4574036, -11.7934225
623.9553448, 55.8965006, -70.7430378, 1.9212157, -0.0039175, 35.1232446, -11.7693956
624.9552733, 54.9566690, -71.0844605, 1.9172869, -0.0039406, 34.7865664, -11.7463805
625.9552017, 54.0154980, -71.4221779, 1.9133351, -0.0039637, 34.4472659, -11.7243592
626.9551301, 53.0729945, -71.7561629, 1.9093600, -0.0039870, 34.1052354, -11.7027492
627.9550586, 52.1291680, -72.0863872, 1.9053614, -0.0040108, 33.7603801, -11.6820962
628.9549870, 51.1840250, -72.4128237, 1.9013389, -0.0040348, 33.4125836, -11.6624678
629.9549155, 50.2375733, -72.7354441, 1.8972925, -0.0040588, 33.0617222, -11.6162891
630.9548439, 49.2898186, -73.0542174, 1.8932103, -0.0041087, 32.7085090, -11.5694697
631.9547723, 48.3407627, -73.3690942, 1.8890756, -0.0041613, 32.3528867, -11.5250007
632.9547008, 47.3904040, -73.6800195, 1.8848882, -0.0042140, 31.9947015, -11.2755913
633.9546292, 46.4387357, -73.9869107, 1.8805550, -0.0044736, 31.6403438, -11.0150270
634.9545576, 45.4857041, -74.2895417, 1.8759405, -0.0047560, 31.2903001, -10.7662047
635.9544861, 44.5312435, -74.5876371, 1.8710436, -0.0050385, 30.9443373, -10.2228593
636.9544145, 43.5752938, -74.8808742, 1.8657182, -0.0056464, 30.6122158, -9.6677249
637.9543430, 42.6176973, -75.1687112, 1.8597498, -0.0062912, 30.2947799, -9.1344093
638.9542714, 41.6582878, -75.4505248, 1.8531366, -0.0069357, 29.9917685, -8.8058651
639.9541998, 40.6970049, -75.7256904, 1.8459727, -0.0073719, 29.6967289, -8.5110050
640.9541283, 39.7336896, -75.9937711, 1.8383953, -0.0077841, 29.4087557, -8.2274338
641.9540567, 38.7682768, -76.2543564, 1.8304053, -0.0081966, 29.1276711, -7.9937003
642.9539851, 37.8007968, -76.5070174, 1.8220238, -0.0085627, 28.8519491, -7.7726070
643.9539136, 36.8311816, -76.7513871, 1.8132806, -0.0089250, 28.5813027, -7.5591024
644.9538420, 35.8594365, -76.9870910, 1.8041745, -0.0092888, 28.3156095, -7.3372610
645.9537705, 34.8854653, -77.2137742, 1.7946943, -0.0096739, 28.0553074, -7.1201830
646.9536989, 33.9094029, -77.4310124, 1.7848261, -0.0100640, 27.8003763, -6.9096731
647.9536273, 32.9313055, -77.6383959, 1.7745677, -0.0104562, 27.5507272, -6.7067259
648.9535558, 31.9508693, -77.8355866, 1.7639145, -0.0108491, 27.3062278, -6.5092492
649.9534842, 30.9684652, -78.0221070, 1.7528683, -0.0112448, 27.0668156, -6.3170057
650.9534126, 29.9842147, -78.1975367, 1.7414271, -0.0116433, 26.8324319, -6.1321967
651.9533411, 28.9976236, -78.3615563, 1.7295834, -0.0120412, 26.6029300, -5.9515912
652.9532695, 28.0092964, -78.5136578, 1.7173422, -0.0124426, 26.3782781, -5.7748833
653.9531979, 27.0194269, -78.6534137, 1.7047013, -0.0128475, 26.1584521, -5.6065876
654.9531264, 26.0273541, -78.7805052, 1.6916505, -0.0132491, 25.9432504, -5.4418214
655.9530548, 25.0338985, -78.8944158, 1.6781996, -0.0136541, 25.7326520, -5.2801082
656.9529833, 24.0393162, -78.9947201, 1.6643465, -0.0140628, 25.5266511, -5.1211479
657.9529117, 23.0428344, -79.0810798, 1.6500747, -0.0144753, 25.3252513, -4.9637664
658.9528401, 22.0454550, -79.1529869, 1.6353913, -0.0148931, 25.1285004, -4.8081639
659.9527686, 21.0475033, -79.2100132, 1.6202935, -0.0153157, 24.9364371, -4.6713815
660.9526970, 20.0481487, -79.2517807, 1.6047732, -0.0157154, 24.7484100, -4.5379155
661.9526254, 19.0485316, -79.2778294, 1.5888581, -0.0161166, 24.5643770, -4.4060679
662.9525539, 18.0490145, -79.2877645, 1.5725462, -0.0165216, 24.3843620, -4.2447739
663.9524823, 17.0488638, -79.2811761, 1.5557944, -0.0169817, 24.2096710, -4.0812831
664.9524108, 16.0492075, -79.2576094, 1.5385790, -0.0174515, 24.0405114, -3.9194260
665.9523392, 15.0504224, -79.2166178, 1.5208980, -0.0179238, 23.8769323, -3.7087202
666.9522676, 14.0520726, -79.1576947, 1.5026960, -0.0184850, 23.7211085, -3.4920931
667.9521961, 13.0551493, -79.0803404, 1.4839250, -0.0190601, 23.5734449, -3.2745821
668.9521245, 12.0600814, -78.9840221, 1.4645810, -0.0196387, 23.4341334, -3.0639964
669.9520529, 11.0668329, -78.8681555, 1.4446588, -0.0202058, 23.3030267, -2.8505019
670.9519814, 10.0762100, -78.7322562, 1.4241691, -0.0207777, 23.1803895, -2.6339440
671.9519098, 9.0886898, -78.5758173, 1.4031069, -0.0213533, 23.0664897, -2.4108726
672.9518383, 8.1047354, -78.3983311, 1.3814655, -0.0219374, 22.9617409, -2.1813849
673.9517667, 7.1248625, -78.1992964, 1.3592354, -0.0225280, 22.8665495, -1.9462011
674.9516951, 6.1496095, -77.9782147, 1.3364101, -0.0231220, 22.7812854, -1.9462011
675.9516236, 5.1800639, -77.7348341, 1.3133070, -0.0230762, 22.6957009, -1.8180476
676.9515520, 4.2161464, -77.4690838, 1.2902662, -0.0230113, 22.6154594, -1.6872923
677.9514804, 3.2582830, -77.1811277, 1.2672789, -0.0229539, 22.5407334, -1.5678392
678.9514089, 2.3078910, -76.8715280, 1.2445501, -0.0225153, 22.4710749, -1.2626401
679.9513373, 1.3643690, -76.5404954, 1.2222555, -0.0220794, 22.4148190, -0.9773193
680.9512658, 0.4280439, -76.1885806, 1.2003816, -0.0216581, 22.3711781, -0.7159816
681.9511942, -0.4997965, -75.8167232, 1.1789208, -0.0212825, 22.3391528, -0.4921663
682.9511226, -1.4198136, -75.4250815, 1.1578236, -0.0209167, 22.3171120, -0.2853293
683.9510511, -2.3317463, -75.0141412, 1.1370800, -0.0205615, 22.3043240, -0.0945730
684.9509795, -3.2344222, -74.5848342, 1.1167073, -0.0202020, 22.3000838, 0.0888406
685.9509079, -4.1285506, -74.1372305, 1.0966838, -0.0198493, 22.3040670, 0.2600019
686.9508364, -5.0139373, -73.6717978, 1.0770018, -0.0195050, 22.3157203, 0.4192108
687.9507648, -5.8894309, -73.1895231, 1.0576228, -0.0192713, 22.3344965, 0.5162934
688.9506933, -6.7557933, -72.6902851, 1.0384671, -0.0190442, 22.3575993, 0.6060516
689.9506217, -7.6128160, -72.1744410, 1.0195277, -0.0188243, 22.3846881, 0.6885977
690.9505501, -8.4593376, -71.6429478, 1.0007913, -0.0186662, 22.4154268, 0.7369254
691.9504786, -9.2961081, -71.0955446, 0.9822024, -0.0185153, 22.4482762, 0.7799463
692.9504070, -10.1229024, -70.5325339, 0.9637539, -0.0183719, 22.4829910, 0.8177091
693.9503354, -10.9386420, -69.9548378, 0.9454647, -0.0182226, 22.5193292, 0.8572698
694.9502639, -11.7439946, -69.3621757, 0.9273149, -0.0180806, 22.5573625, 0.8918417
695.9501923, -12.5387539, -68.7548535, 0.9092975, -0.0179463, 22.5968617, 0.9214581
696.9501208, -13.3220336, -68.1337259, 0.8914207, -0.0178202, 22.6376002, 0.9461004
697.9500492, -14.0943249, -67.4985752, 0.8736613, -0.0177022, 22.6793521, 0.9660121
698.9499776, -14.8554280, -66.8497015, 0.8560117, -0.0175924, 22.7219034, 0.9812342
699.9499061, -15.6046806, -66.1877903, 0.8384071, -0.0176279, 22.7650439, 0.9209375
700.9498345, -16.3422730, -65.5126645, 0.8207589, -0.0176720, 22.8054592, 0.8586709
701.9497629, -17.0679335, -64.8245014, 0.8030606, -0.0177225, 22.8430774, 0.7954995
702.9496914, -17.7810603, -64.1237976, 0.7852915, -0.0178253, 22.8778730, 0.7075430
703.9496198, -18.4816835, -63.4103961, 0.7674136, -0.0179341, 22.9087768, 0.6199452
704.9495482, -19.1695118, -62.6844271, 0.7494218, -0.0180474, 22.9358204, 0.5334587
705.9494767, -19.8439162, -61.9463598, 0.7312455, -0.0183190, 22.9590657, 0.3670285
706.9494051, -20.5047771, -61.1959637, 0.7127861, -0.0186036, 22.9750452, -2.1986930
707.9493336, -21.1516482, -60.4333042, 0.6940360, -0.0188953, 22.8791528, -4.0139637
708.9492620, -21.7838678, -59.6587016, 0.6749708, -0.0192440, 22.7030456, -3.9532048
709.9491904, -22.4011056, -58.8720262, 0.6555483, -0.0196051, 22.5282586, -3.8916519
710.9491189, -23.0028323, -58.0733631, 0.6357592, -0.0199751, 22.3548583, -3.8395752
711.9490473, -23.5884667, -57.2628730, 0.6156060, -0.0203342, 22.1824500, -3.7862963
712.9489757, -24.1574953, -56.4406509, 0.5950894, -0.0207033, 22.0111117, -3.7318925
713.9489042, -24.7093639, -55.6068515, 0.5741991, -0.0210826, 21.8409200, -3.6855749
714.9488326, -25.2435953, -54.7615088, 0.5529312, -0.0214533, 21.6715289, -3.6372149
715.9487611, -25.7595307, -53.9049640, 0.5312887, -0.0218363, 21.5030522, -3.5868531
716.9486895, -26.2565818, -53.0374638, 0.5092593, -0.0222320, 21.3356055, -3.5348707
717.9486179, -26.7343582, -52.1588840, 0.4868224, -0.0226395, 21.1692897, -3.4793185
718.9485464, -27.1920533, -51.2698448, 0.4639732, -0.0230634, 21.0043016, -3.4209678
719.9484748, -27.6290289, -50.3706885, 0.4406979, -0.0235019, 20.8408071, -3.3611961
720.9484032, -28.0449390, -49.4611073, 0.4169679, -0.0239522, 20.6789103, -3.2970202
721.9483317, -28.4388581, -48.5420212, 0.3927836, -0.0244210, 20.5188636, -3.2291792
722.9482601, -28.8101017, -47.6138871, 0.3681296, -0.0249066, 20.3608906, -3.1597657
723.9481886, -29.1583249, -46.6762342, 0.3429695, -0.0254041, 20.2051178, -3.0844687
724.9481170, -29.4825257, -45.7302925, 0.3173078, -0.0259236, 20.0518899, -3.0039614
725.9480454, -29.7819782, -44.7766610, 0.2911272, -0.0264632, 19.9015275, -2.9197931
726.9479739, -30.0562985, -43.8147197, 0.2643797, -0.0270188, 19.7542813, -2.8276692
727.9479023, -30.3044437, -42.8460345, 0.2370723, -0.0276005, 19.6106271, -2.7283455
728.9478307, -30.5256547, -41.8713650, 0.2091853, -0.0282057, 19.4710142, -2.6293272
729.9477592, -30.7194658, -40.8899684, 0.1806657, -0.0288145, 19.3355144, -2.5202777
730.9476876, -30.8848505, -39.9037712, 0.1515346, -0.0294527, 19.2047370, -2.4011764
731.9476161, -31.0210471, -38.9137193, 0.1217684, -0.0301190, 19.0793059, -2.2743522
732.9475445, -31.1274780, -37.9189867, 0.0912953, -0.0308054, 18.9597346, -2.1326662
733.9474729, -31.2031764, -36.9218887, 0.0601308, -0.0315291, 18.8469230, -1.9766000
734.9474014, -31.2473828, -35.9235708, 0.0282469, -0.0322861, 18.7417606, -1.8425083
735.9473298, -31.2593675, -34.9231880, -0.0044011, -0.0329744, 18.6431981, -1.6930728
736.9472582, -31.2383632, -33.9234513, -0.0377328, -0.0336961, 18.5521679, -1.5248999
737.9471867, -31.1837384, -32.9257116, -0.0717818, -0.0344568, 18.4697957, -1.4400438
738.9471151, -31.0947188, -31.9293550, -0.1065172, -0.0349691, 18.3916685, -1.3507868
739.9470436, -30.9709657, -30.9371586, -0.1417402, -0.0354864, 18.3180810, -1.2489539
740.9469720, -30.8121766, -29.9504690, -0.1774764, -0.0360302, 18.2497770, -1.2489539
741.9469004, -30.6179212, -28.9696420, -0.2135880, -0.0361724, 18.1812165, -1.1966033
742.9468289, -30.3883408, -27.9965521, -0.2498183, -0.0363010, 18.1152863, -1.1432648
743.9467573, -30.1235749, -27.0323523, -0.2861879, -0.0364446, 18.0520700, -1.0985003
744.9466857, -29.8241251, -26.0788505, -0.3222910, -0.0357669, 17.9911197, -0.7908358
745.9466142, -29.4906381, -25.1362666, -0.3577086, -0.0350821, 17.9471120, -0.5077832
746.9465426, -29.1240940, -24.2054721, -0.3924791, -0.0344372, 17.9187984, -0.2612869
747.9464710, -28.7261385, -23.2887474, -0.4265064, -0.0336587, 17.9042118, 0.0082442
748.9463995, -28.2973444, -22.3854658, -0.4597885, -0.0329173, 17.9046722, 0.2452926
749.9463279, -27.8388129, -21.4963399, -0.4923693, -0.0322240, 17.9183659, 0.4498930
750.9462564, -27.3523580, -20.6231999, -0.5240651, -0.0311980, 17.9434545, 0.7478806
751.9461848, -26.8387002, -19.7653087, -0.5547609, -0.0302033, 17.9850830, 1.0173592
752.9461132, -26.2991743, -18.9230291, -0.5844931, -0.0292507, 18.0415572, 1.2583593
753.9460417, -25.7356140, -18.0974143, -0.6132409, -0.0282677, 18.1111657, 1.4977408
754.9459701, -25.1487822, -17.2878279, -0.6410232, -0.0273045, 18.1936690, 1.7206634
755.9458985, -24.5399001, -16.4943540, -0.6678621, -0.0263676, 18.2879925, 1.9271563
756.9458270, -23.9106410, -15.7176167, -0.6937611, -0.0254493, 18.3930614, 2.1217521
757.9457554, -23.2616516, -14.9569397, -0.7187553, -0.0245455, 18.5080498, 2.3074440
758.9456839, -22.5940211, -14.2122378, -0.7428612, -0.0236613, 18.6322963, 2.4838340
759.9456123, -21.9093174, -13.4839220, -0.7660817, -0.0227969, 18.7651213, 2.6520524
760.9455407, -21.2079994, -12.7712038, -0.7884481, -0.0219409, 18.9059119, 2.8171938
761.9454692, -20.4910134, -12.0738520, -0.8099705, -0.0211026, 19.0543299, 2.9768275
762.9453976, -19.7598653, -11.3921993, -0.8307637, -0.0205003, 19.2099120, 3.0511463
763.9453260, -19.0146736, -10.7254717, -0.8509647, -0.0199058, 19.3680813, 3.1261877
764.9452545, -18.2561400, -10.0735240, -0.8705816, -0.0193210, 19.5288121, 3.2013211
765.9451829, -17.4855848, -9.4367074, -0.8896026, -0.0187352, 19.6920462, 3.2807453
766.9451114, -16.7030142, -8.8142590, -0.9080472, -0.0181576, 19.8579381, 3.3610211
767.9450398, -15.9090763, -8.2059752, -0.9259232, -0.0175894, 20.0264642, 3.4416338
768.9449682, -15.1049181, -7.6120118, -0.9432254, -0.0170249, 20.1975752, 3.5250581
769.9448967, -14.2906026, -7.0317061, -0.9599698, -0.0164671, 20.3713439, 3.6100612
770.9448251, -13.4667096, -6.4647982, -0.9761630, -0.0159173, 20.5477799, 3.6962558
771.9447535, -12.6341157, -5.9112196, -0.9918028, -0.0153679, 20.7268725, 3.6889878
772.9446820, -11.7930289, -5.3704454, -1.0068972, -0.0148237, 20.9040831, 3.6613224
773.9446104, -10.9439625, -4.8421635, -1.0214514, -0.0142824, 21.0784917, 3.6338645
774.9445389, -10.0875348, -4.3260830, -1.0353659, -0.0135496, 21.2501769, 3.6066124
775.9444673, -9.2241731, -3.8216411, -1.0485493, -0.0128195, 21.4192140, 3.5795648
776.9443957, -8.3544102, -3.3283044, -1.0610046, -0.0120931, 21.5856745, 3.5527200
777.9443242, -7.4787291, -2.8455114, -1.0727325, -0.0113639, 21.7496270, 3.5260765
778.9442526, -6.5976412, -2.3727123, -1.0837316, -0.0106360, 21.9111370, 3.4996328
779.9441810, -5.7116079, -1.9093276, -1.0940035, -0.0099103, 22.0702671, 3.4733874
780.9441095, -4.8209443, -1.4547041, -1.1035509, -0.0091849, 22.2270773, 3.4473389
781.9440379, -3.9261931, -1.0083049, -1.1123726, -0.0084598, 22.3816253, 3.4214857
782.9439664, -3.0277502, -0.5695160, -1.1204692, -0.0077356, 22.5339662, 3.3958264
783.9438948, -2.1258216, -0.1376329, -1.1278426, -0.0070113, 22.6841531, 3.3703595
784.9438232, -1.2209512, 0.2878861, -1.1344914, -0.0062871, 22.8322368, 3.3450836
